"codigo","actividad_economica","afecta_iva","categoria"
"11101","Cultivo de trigo",,
"11102","Cultivo de maíz",,
"11103","Cultivo de avena",,
"11200","Cultivo de arroz",,
"11104","Cultivo de cebada",,
"11105","Cultivo de otros cereales (excepto trigo, maíz, avena y cebada)",,
"11902","Cultivos forrajeros en praderas mejoradas o sembradas; cultivos suplementarios forrajeros",,
"11106","Cultivo de porotos",,
"11107","Cultivo de lupino",,
"11108","Cultivo de otras legumbres (excepto porotos y lupino)",,
"11301","Cultivo de papas",,
"11302","Cultivo de camotes",,
"11303","Cultivo de otros tubérculos (excepto papas y camotes)",,
"11109","Cultivo de semillas de raps",,
"11110","Cultivo de semillas de maravilla (girasol)",,
"11111","Cultivo de semillas de cereales, legumbres y oleaginosas (excepto semillas de raps y maravilla)",,
"11304","Cultivo de remolacha azucarera",,
"11500","Cultivo de tabaco",,
"11600","Cultivo de plantas de fibra",,
"11400","Cultivo de caña de azúcar",,
"12802","Cultivo de plantas aromáticas, medicinales y farmacéuticas",,
"11901","Cultivo de flores",,
"11305","Cultivo de semillas de hortalizas",,
"11903","Cultivos de semillas de flores; cultivo de semillas de plantas forrajeras",,
"12501","Cultivo de semillas de frutas",,
"13000","Cultivo de plantas vivas incluida la producción en viveros (excepto viveros forestales)",,
"11306","Cultivo de hortalizas y melones",,
"12111","Cultivo de uva destinada a la producción de pisco y aguardiente",,
"12112","Cultivo de uva destinada a la producción de vino",,
"12120","Cultivo de uva para mesa",,
"12200","Cultivo de frutas tropicales y subtropicales (incluye el cultivo de paltas)",,
"12300","Cultivo de cítricos",,
"12400","Cultivo de frutas de pepita y de hueso",,
"12600","Cultivo de frutos oleaginosos (incluye el cultivo de aceitunas)",,
"12502","Cultivo de otros frutos y nueces de árboles y arbustos",,
"12700","Cultivo de plantas con las que se preparan bebidas (incluye el cultivo de café, té y mate)",,
"12801","Cultivo de especias",,
"14101","Cría de ganado bovino para la producción lechera",,
"14102","Cría de ganado bovino para la producción de carne o como ganado reproductor",,
"14410","Cría de ovejas (ovinos)",,
"14200","Cría de caballos y otros equinos",,
"14500","Cría de cerdos",,
"14601","Cría de aves de corral para la producción de carne",,
"14602","Cría de aves de corral para la producción de huevos",,
"14901","Apicultura",,
"14300","Cría de llamas, alpacas, vicuñas, guanacos y otros camélidos",,
"14420","Cría de cabras (caprinos)",,
"14909","Cría de otros animales n.c.p.",,
"15000","Cultivo de productos agrícolas en combinación con la cría de animales (explotación mixta)",,
"16300","Actividades poscosecha",,
"16400","Tratamiento de semillas para propagación",,
"16100","Actividades de apoyo a la agricultura",,
"960901","Servicios de adiestramiento, guardería, peluquería, paseo de mascotas (excepto act. Veterinarias)",,
"17000","Caza ordinaria y mediante trampas y actividades de servicios conexas",,
"21002","Silvicultura y otras actividades forestales (excepto explotación de viveros forestales)",,
"22000","Extracción de madera",,
"23000","Recolección de productos forestales distintos de la madera",,
"12900","Cultivo de otras plantas perennes",,
"21001","Explotación de viveros forestales",,
"24001","Servicios de forestación a cambio de una retribución o por contrata",,
"24002","Servicios de corta de madera a cambio de una retribución o por contrata",,
"24003","Servicios de extinción y prevención de incendios forestales",,
"24009","Otros servicios de apoyo a la silvicultura n.c.p.",,
"32110","Cultivo y crianza de peces marinos",,
"32120","Cultivo, reproducción y manejo de algas marinas",,
"32130","Reproducción y cría de moluscos, crustáceos y gusanos marinos",,
"32140","Servicios relacionados con la acuicultura marina",,
"32200","Acuicultura de agua dulce",,
"31110","Pesca marítima industrial, excepto de barcos factoría",,
"102050","Actividades de elaboración y conservación de pescado, realizadas en barcos factoría",,
"31120","Pesca marítima artesanal",,
"31130","Recolección y extracción de productos marinos",,
"31140","Servicios relacionados con la pesca marítima",,
"31200","Pesca de agua dulce",,
"51000","Extracción de carbón de piedra",,
"52000","Extracción de lignito",,
"89200","Extracción de turba",,
"61000","Extracción de petróleo crudo",,
"62000","Extracción de gas natural",,
"72100","Extracción de minerales de uranio y torio",,
"71000","Extracción de minerales de hierro",,
"72910","Extracción de oro y plata",,
"72991","Extracción de zinc y plomo",,
"72992","Extracción de manganeso",,
"72999","Extracción de otros minerales metalíferos no ferrosos n.c.p. (excepto zinc, plomo y manganeso)",,
"40000","Extracción y procesamiento de cobre",,
"89300","Extracción de sal",,
"89110","Extracción y procesamiento de litio",,
"89190","Extracción de minerales para la fabricación de abonos y productos químicos n.c.p.",,
"81000","Extracción de piedra, arena y arcilla",,
"89900","Explotación de otras minas y canteras n.c.p.",,
"101011","Explotación de mataderos de bovinos, ovinos, equinos, caprinos, porcinos y camélidos",,
"521001","Explotación de frigoríficos para almacenamiento y depósito",,
"101019","Explotación de mataderos de aves y de otros tipos de animales n.c.p.",,
"101020","Elaboración y conservación de carne y productos cárnicos",,
"102010","Producción de harina de pescado",,
"102020","Elaboración y conservación de salmónidos",,
"102030","Elaboración y conservación de otros pescados, en plantas en tierra (excepto barcos factoría)",,
"102040","Elaboración y conservación de crustáceos, moluscos y otros productos acuáticos, en plantas en tierra",,
"102060","Elaboración y procesamiento de algas",,
"104000","Elaboración de aceites y grasas de origen vegetal y animal (excepto elaboración de mantequilla)",,
"105000","Elaboración de productos lácteos",,
"106101","Molienda de trigo: producción de harina, sémola y gránulos",,
"106102","Molienda de arroz; producción de harina de arroz",,
"106109","Elaboración de otros productos de molinería n.c.p.",,
"106200","Elaboración de almidones y productos derivados del almidón",,
"108000","Elaboración de piensos preparados para animales",,
"107200","Elaboración de azúcar",,
"107300","Elaboración de cacao, chocolate y de productos de confitería",,
"107400","Elaboración de macarrones, fideos, alcuzcuz y productos farináceos similares",,
"107901","Elaboración de té, café, mate e infusiones de hierbas",,
"107902","Elaboración de levaduras naturales o artificiales",,
"107903","Elaboración de vinagres, mostazas, mayonesas y condimentos en general",,
"103000","Elaboración y conservación de frutas, legumbres y hortalizas",,
"107100","Elaboración de productos de panadería y pastelería",,
"107500","Elaboración de comidas y platos preparados envasados, rotulados y con información nutricional",,
"110110","Elaboración de pisco (industrias pisqueras)",,
"110120","Destilación, rectificación y mezclas de bebidas alcohólicas; excepto pisco",,
"110200","Elaboración de vinos",,
"110300","Elaboración de bebidas malteadas y de malta",,
"110401","Elaboración de bebidas no alcohólicas",,
"110402","Producción de aguas minerales y otras aguas embotelladas",,
"353002","Elaboración de hielo (excepto fabricación de hielo seco)",,
"120001","Elaboración de cigarros y cigarrillos",,
"120009","Elaboración de otros productos de tabaco n.c.p.",,
"131100","Preparación e hilatura de fibras textiles",,
"139300","Fabricación de tapices y alfombras",,
"139400","Fabricación de cuerdas, cordeles, bramantes y redes",,
"139100","Fabricación de tejidos de punto y ganchillo",,
"143000","Fabricación de artículos de punto y ganchillo",,
"141001","Fabricación de prendas de vestir de materiales textiles y similares",,
"141002","Fabricación de prendas de vestir de cuero natural o artificial",,
"141003","Fabricación de accesorios de vestir",,
"131300","Acabado de productos textiles",,
"141004","Fabricación de ropa de trabajo",,
"142000","Fabricación de artículos de piel",,
"151100","Curtido y adobo de cueros; adobo y teñido de pieles",,
"152000","Fabricación de calzado",,
"161000","Aserrado y acepilladura de madera",,
"162100","Fabricación de hojas de madera para enchapado y tableros a base de madera",,
"162200","Fabricación de partes y piezas de carpintería para edificios y construcciones",,
"162300","Fabricación de recipientes de madera",,
"170110","Fabricación de celulosa y otras pastas de madera",,
"170190","Fabricación de papel y cartón para su posterior uso industrial n.c.p.",,
"170200","Fabricación de papel y cartón ondulado y de envases de papel y cartón",,
"181101","Impresión de libros",,
"181200","Actividades de servicios relacionadas con la impresión",,
"182000","Reproducción de grabaciones",,
"192000","Fabricación de productos de la refinación del petróleo",,
"201101","Fabricación de carbón vegetal (excepto activado); fabricación de briquetas de carbón vegetal",,
"191000","Fabricación de productos de hornos de coque",,
"201200","Fabricación de abonos y compuestos de nitrógeno",,
"201300","Fabricación de plásticos y caucho sintético en formas primarias",,
"202100","Fabricación de plaguicidas y otros productos químicos de uso agropecuario",,
"581100","Edición de libros",,
"202200","Fabricación de pinturas, barnices y productos de revestimiento, tintas de imprenta y masillas",,
"210000","Fabricación de productos farmacéuticos, sustancias químicas medicinales y productos botánicos",,
"202300","Fabricación de jabones y detergentes, preparados para limpiar, perfumes y preparados de tocador",,
"202901","Fabricación de explosivos y productos pirotécnicos",,
"107909","Elaboración de otros productos alimenticios n.c.p.",,
"201109","Fabricación de otras sustancias químicas básicas n.c.p.",,
"268000","Fabricación de soportes magnéticos y ópticos",,
"203000","Fabricación de fibras artificiales",,
"221100","Fabricación de cubiertas y cámaras de caucho; recauchutado y renovación de cubiertas de caucho",,
"231001","Fabricación de vidrio plano",,
"231002","Fabricación de vidrio hueco",,
"231003","Fabricación de fibras de vidrio",,
"231009","Fabricación de productos de vidrio n.c.p.",,
"239300","Fabricación de otros productos de porcelana y de cerámica",,
"239100","Fabricación de productos refractarios",,
"239200","Fabricación de materiales de construcción de arcilla",,
"239400","Fabricación de cemento, cal y yeso",,
"239500","Fabricación de artículos de hormigón, cemento y yeso",,
"239600","Corte, talla y acabado de la piedra",,
"131200","Tejedura de productos textiles",,
"239900","Fabricación de otros productos minerales no metálicos n.c.p.",,
"241000","Industrias básicas de hierro y acero",,
"242001","Fabricación de productos primarios de cobre",,
"242002","Fabricación de productos primarios de aluminio",,
"242009","Fabricación de productos primarios de metales preciosos y de otros metales no ferrosos n.c.p.",,
"243100","Fundición de hierro y acero",,
"243200","Fundición de metales no ferrosos",,
"251100","Fabricación de productos metálicos para uso estructural",,
"251201","Fabricación de recipientes de metal para gases comprimidos o licuados",,
"251209","Fabricación de tanques, depósitos y recipientes de metal n.c.p.",,
"251300","Fabricación de generadores de vapor, excepto calderas de agua caliente para calefacción central",,
"259100","Forja, prensado, estampado y laminado de metales; pulvimetalurgia",,
"16200","Actividades de apoyo a la ganadería",,
"181109","Otras actividades de impresión n.c.p.",,
"259200","Tratamiento y revestimiento de metales; maquinado",,
"281300","Fabricación de otras bombas, compresores, grifos y válvulas",,
"281200","Fabricación de equipo de propulsión de fluidos",,
"281400","Fabricación de cojinetes, engranajes, trenes de engranajes y piezas de transmisión",,
"741001","Actividades de diseño de vestuario",,
"282100","Fabricación de maquinaria agropecuaria y forestal",,
"331201","Reparación de maquinaria agropecuaria y forestal",,
"281800","Fabricación de herramientas de mano motorizadas",,
"282300","Fabricación de maquinaria metalúrgica",,
"282400","Fabricación de maquinaria para la explotación de minas y canteras y para obras de construcción",,
"331202","Reparación de maquinaria metalúrgica, para la minería, extracción de petróleo y para la construcción",,
"282500","Fabricación de maquinaria para la elaboración de alimentos, bebidas y tabaco",,
"331203","Reparación de maquinaria para la elaboración de alimentos, bebidas y tabaco",,
"331204","Reparación de maquinaria para producir textiles, prendas de vestir, artículos de cuero y calzado",,
"252000","Fabricación de armas y municiones",,
"304000","Fabricación de vehículos militares de combate",,
"259300","Fabricación de artículos de cuchillería, herramientas de mano y artículos de ferretería",,
"282600","Fabricación de maquinaria para la elaboración de productos textiles, prendas de vestir y cueros",,
"275000","Fabricación de aparatos de uso doméstico",,
"281500","Fabricación de hornos, calderas y quemadores",,
"262000","Fabricación de computadores y equipo periférico",,
"271000","Fabricación de motores, generadores y transformadores eléctricos, aparatos de distribución y control",,
"273200","Fabricación de otros hilos y cables eléctricos",,
"272000","Fabricación de pilas, baterías y acumuladores",,
"273300","Fabricación de dispositivos de cableado",,
"274000","Fabricación de equipo eléctrico de iluminación",,
"282200","Fabricación de maquinaria para la conformación de metales y de máquinas herramienta",,
"279000","Fabricación de otros tipos de equipo eléctrico",,
"331400","Reparación de equipo eléctrico (excepto reparación de equipo y enseres domésticos)",,
"261000","Fabricación de componentes y tableros electrónicos",,
"263000","Fabricación de equipo de comunicaciones",,
"266000","Fabricación de equipo de irradiación y equipo electrónico de uso médico y terapéutico",,
"325001","Actividades de laboratorios dentales",,
"281900","Fabricación de otros tipos de maquinaria de uso general",,
"331301","Reparación de equipo de medición, prueba, navegación y control",,
"265100","Fabricación de equipo de medición, prueba, navegación y control",,
"325009","Fabricación de instrumentos y materiales médicos, oftalmológicos y odontológicos n.c.p.",,
"267000","Fabricación de instrumentos ópticos y equipo fotográfico",,
"273100","Fabricación de cables de fibra óptica",,
"265200","Fabricación de relojes",,
"291000","Fabricación de vehículos automotores",,
"292000","Fabricación de carrocerías para vehículos automotores; fabricación de remolques y semirremolques",,
"331100","Reparación de productos elaborados de metal",,
"139200","Fabricación de artículos confeccionados de materiales textiles, excepto prendas de vestir",,
"301200","Construcción de embarcaciones de recreo y de deporte",,
"331501","Reparación de buques, embarcaciones menores y estructuras flotantes",,
"331502","Reparación de aeronaves y naves espaciales",,
"281100","Fabricación de motores y turbinas, excepto para aeronaves, vehículos automotores y motocicletas",,
"309100","Fabricación de motocicletas",,
"281600","Fabricación de equipo de elevación y manipulación",,
"309900","Fabricación de otros tipos de equipo de transporte n.c.p.",,
"310001","Fabricación de muebles principalmente de madera",,
"281700","Fabricación de maquinaria y equipo de oficina (excepto computadores y equipo periférico)",,
"293000","Fabricación de partes, piezas y accesorios para vehículos automotores",,
"301100","Construcción de buques, embarcaciones menores y estructuras flotantes",,
"302000","Fabricación de locomotoras y material rodante",,
"303000","Fabricación de aeronaves, naves espaciales y maquinaria conexa",,
"310009","Fabricación de colchones; fabricación de otros muebles n.c.p.",,
"321100","Fabricación de joyas y artículos conexos",,
"322000","Fabricación de instrumentos musicales",,
"323000","Fabricación de artículos de deporte",,
"264000","Fabricación de aparatos electrónicos de consumo",,
"324000","Fabricación de juegos y juguetes",,
"331900","Reparación de otros tipos de equipo",,
"202909","Fabricación de otros productos químicos n.c.p.",,
"139900","Fabricación de otros productos textiles n.c.p.",,
"151200","Fabricación de maletas, bolsos y artículos similares, artículos de talabartería y guarnicionería",,
"162900","Fabricación de otros productos de madera, de artículos de corcho, paja y materiales trenzables",,
"170900","Fabricación de otros artículos de papel y cartón",,
"221900","Fabricación de otros productos de caucho",,
"222000","Fabricación de productos de plástico",,
"259900","Fabricación de otros productos elaborados de metal n.c.p.",,
"282900","Fabricación de otros tipos de maquinaria de uso especial",,
"309200","Fabricación de bicicletas y de sillas de ruedas",,
"321200","Fabricación de bisutería y artículos conexos",,
"329000","Otras industrias manufactureras n.c.p.",,
"383001","Recuperación y reciclamiento de desperdicios y desechos metálicos",,
"383002","Recuperación y reciclamiento de papel",,
"383003","Recuperación y reciclamiento de vidrio",,
"383009","Recuperación y reciclamiento de otros desperdicios y desechos n.c.p.",,
"351011","Generación de energía eléctrica en centrales hidroeléctricas",,
"351012","Generación de energía eléctrica en centrales termoeléctricas",,
"351019","Generación de energía eléctrica en otras centrales n.c.p.",,
"351020","Transmisión de energía eléctrica",,
"351030","Distribución de energía eléctrica",,
"352010","Regasificación de Gas Natural Licuado (GNL)",,
"352020","Fabricación de gas; distribución de combustibles gaseosos por tubería, excepto regasificación de GNL",,
"353001","Suministro de vapor y de aire acondicionado",,
"360000","Captación, tratamiento y distribución de agua",,
"431200","Preparación del terreno",,
"431100","Demolición",,
"410010","Construcción de edificios para uso residencial",,
"410020","Construcción de edificios para uso no residencial",,
"421000","Construcción de carreteras y líneas de ferrocarril",,
"422000","Construcción de proyectos de servicio público",,
"432100","Instalaciones eléctricas",,
"432200","Instalaciones de gasfitería, calefacción y aire acondicionado",,
"332000","Instalación de maquinaria y equipos industriales",,
"432900","Otras instalaciones para obras de construcción",,
"433000","Terminación y acabado de edificios",,
"439000","Otras actividades especializadas de construcción",,
"451001","Venta al por mayor de vehículos automotores",,
"451002","Venta al por menor de vehículos automotores nuevos o usados (incluye compraventa)",,
"452001","Servicio de lavado de vehículos automotores",,
"452002","Mantenimiento y reparación de vehículos automotores",,
"453000","Venta de partes, piezas y accesorios para vehículos automotores",,
"454001","Venta de motocicletas",,
"454002","Venta de partes, piezas y accesorios de motocicletas",,
"454003","Mantenimiento y reparación de motocicletas",,
"473000","Venta al por menor de combustibles para vehículos automotores en comercios especializados",,
"461001","Corretaje al por mayor de productos agrícolas",,
"461002","Corretaje al por mayor de ganado",,
"461009","Otros tipos de corretajes o remates al por mayor n.c.p.",,
"462020","Venta al por mayor de animales vivos",,
"462010","Venta al por mayor de materias primas agrícolas",,
"462090","Venta al por mayor de otras materias primas agropecuarias n.c.p.",,
"463011","Venta al por mayor de frutas y verduras",,
"463012","Venta al por mayor de carne y productos cárnicos",,
"463013","Venta al por mayor de productos del mar (pescados, mariscos y algas)",,
"463020","Venta al por mayor de bebidas alcohólicas y no alcohólicas",,
"463014","Venta al por mayor de productos de confitería",,
"463030","Venta al por mayor de tabaco",,
"463019","Venta al por mayor de huevos, lácteos, abarrotes y de otros alimentos n.c.p.",,
"464100","Venta al por mayor de productos textiles, prendas de vestir y calzado",,
"464901","Venta al por mayor de muebles, excepto muebles de oficina",,
"464902","Venta al por mayor de artículos eléctricos y electrónicos para el hogar",,
"464903","Venta al por mayor de artículos de perfumería, de tocador y cosméticos",,
"464904","Venta al por mayor de artículos de papelería y escritorio",,
"464905","Venta al por mayor de libros",,
"464906","Venta al por mayor de diarios y revistas",,
"464907","Venta al por mayor de productos farmacéuticos y medicinales",,
"464909","Venta al por mayor de otros enseres domésticos n.c.p.",,
"466100","Venta al por mayor de combustibles sólidos, líquidos y gaseosos y productos conexos",,
"466200","Venta al por mayor de metales y minerales metalíferos",,
"466301","Venta al por mayor de madera en bruto y productos primarios de la elaboración de madera",,
"466302","Venta al por mayor de materiales de construcción, artículos de ferretería, gasfitería y calefacción",,
"466901","Venta al por mayor de productos químicos",,
"466902","Venta al por mayor de desechos metálicos (chatarra)",,
"464908","Venta al por mayor de instrumentos científicos y quirúrgicos",,
"466909","Venta al por mayor de desperdicios, desechos y otros productos n.c.p.",,
"465300","Venta al por mayor de maquinaria, equipo y materiales agropecuarios",,
"465901","Venta al por mayor de maquinaria metalúrgica, para la minería, extracción de petróleo y construcción",,
"465902","Venta al por mayor de maquinaria para la elaboración de alimentos, bebidas y tabaco",,
"465903","Venta al por mayor de maquinaria para la industria textil, del cuero y del calzado",,
"465100","Venta al por mayor de computadores, equipo periférico y programas informáticos",,
"465200","Venta al por mayor de equipo, partes y piezas electrónicos y de telecomunicaciones",,
"465904","Venta al por mayor de maquinaria y equipo de oficina; venta al por mayor de muebles de oficina",,
"465905","Venta al por mayor de equipo de transporte(excepto vehículos automotores, motocicletas y bicicletas)",,
"465909","Venta al por mayor de otros tipos de maquinaria y equipo n.c.p.",,
"469000","Venta al por mayor no especializada",,
"471100","Venta al por menor en comercios de alimentos, bebidas o tabaco (supermercados e hipermercados)",,
"472101","Venta al por menor de alimentos en comercios especializados (almacenes pequeños y minimarket)",,
"471990","Otras actividades de venta al por menor en comercios no especializados n.c.p.",,
"471910","Venta al por menor en comercios de vestuario y productos para el hogar (grandes tiendas)",,
"472200","Venta al por menor de bebidas alcohólicas y no alcohólicas en comercios especializados (botillerías)",,
"472102","Venta al por menor en comercios especializados de carne y productos cárnicos",,
"472103","Venta al por menor en comercios especializados de frutas y verduras (verdulerías)",,
"472104","Venta al por menor en comercios especializados de pescado, mariscos y productos conexos",,
"472105","Venta al por menor en comercios especializados de productos de panadería y pastelería",,
"472109","Venta al por menor en comercios especializados de huevos, confites y productos alimenticios n.c.p.",,
"472300","Venta al por menor de tabaco y productos de tabaco en comercios especializados",,
"477201","Venta al por menor de productos farmacéuticos y medicinales en comercios especializados",,
"477202","Venta al por menor de artículos ortopédicos en comercios especializados",,
"477203","Venta al por menor de artículos de perfumería, de tocador y cosméticos en comercios especializados",,
"477101","Venta al por menor de calzado en comercios especializados",,
"477102","Venta al por menor de prendas y accesorios de vestir en comercios especializados",,
"475100","Venta al por menor de telas, lanas, hilos y similares en comercios especializados",,
"477103","Venta al por menor de carteras, maletas y otros accesorios de viaje en comercios especializados",,
"474200","Venta al por menor de equipo de sonido y de video en comercios especializados",,
"475901","Venta al por menor de muebles y colchones en comercios especializados",,
"475902","Venta al por menor de instrumentos musicales en comercios especializados",,
"476200","Venta al por menor de grabaciones de música y de video en comercios especializados",,
"475909","Venta al por menor de aparatos eléctricos, textiles para el hogar y otros enseres domésticos n.c.p.",,
"475201","Venta al por menor de artículos de ferretería y materiales de construcción",,
"475202","Venta al por menor de pinturas, barnices y lacas en comercios especializados",,
"475203","Venta al por menor de productos de vidrio en comercios especializados",,
"477393","Venta al por menor de artículos ópticos en comercios especializados",,
"476400","Venta al por menor de juegos y juguetes en comercios especializados",,
"476101","Venta al por menor de libros en comercios especializados",,
"476102","Venta al por menor de diarios y revistas en comercios especializados",,
"476103","Venta al por menor de artículos de papelería y escritorio en comercios especializados",,
"474100","Venta al por menor de computadores, equipo periférico, programas informáticos y equipo de telecom.",,
"476301","Venta al por menor de artículos de caza y pesca en comercios especializados",,
"477392","Venta al por menor de armas y municiones en comercios especializados",,
"476302","Venta al por menor de bicicletas y sus repuestos en comercios especializados",,
"476309","Venta al por menor de otros artículos y equipos de deporte n.c.p.",,
"477394","Venta al por menor de artículos de joyería, bisutería y relojería en comercios especializados",,
"477310","Venta al por menor de gas licuado en bombonas (cilindros) en comercios especializados",,
"477395","Venta al por menor de carbón, leña y otros combustibles de uso doméstico en comercios especializados",,
"477396","Venta al por menor de recuerdos, artesanías y artículos religiosos en comercios especializados",,
"477397","Venta al por menor de flores, plantas, arboles, semillas y abonos en comercios especializados",,
"477391","Venta al por menor de alimento y accesorios para mascotas en comercios especializados",,
"477398","Venta al por menor de mascotas en comercios especializados",,
"475300","Venta al por menor de tapices, alfombras y cubrimientos para paredes y pisos",,
"477399","Venta al por menor de otros productos en comercios especializados n.c.p.",,
"477401","Venta al por menor de antigüedades en comercios",,
"477402","Venta al por menor de ropa usada en comercios",,
"477409","Venta al por menor de otros artículos de segunda mano en comercios n.c.p.",,
"478100","Venta al por menor de alimentos, bebidas y tabaco en puestos de venta y mercados (incluye ferias)",,
"478200","Venta al por menor de productos textiles, prendas de vestir y calzado en puestos de venta y mercados",,
"478900","Venta al por menor de otros productos en puestos de venta y mercados (incluye ferias)",,
"479901","Venta al por menor realizada por independientes en la locomoción colectiva (Ley 20.388)",,
"479902","Venta al por menor mediante máquinas expendedoras",,
"479903","Venta al por menor por comisionistas (no dependientes de comercios)",,
"479100","Venta al por menor por correo, por Internet y vía telefónica",,
"479909","Otras actividades de venta por menor no realizadas en comercios, puestos de venta o mercados n.c.p.",,
"952300","Reparación de calzado y de artículos de cuero",,
"331309","Reparación de otros equipos electrónicos y ópticos n.c.p.",,
"952100","Reparación de aparatos electrónicos de consumo (incluye aparatos de televisión y radio)",,
"952200","Reparación de aparatos de uso doméstico, equipo doméstico y de jardinería",,
"951200","Reparación de equipo de comunicaciones (incluye la reparación teléfonos celulares)",,
"952400","Reparación de muebles y accesorios domésticos",,
"952900","Reparación de otros efectos personales y enseres domésticos",,
"551001","Actividades de hoteles",,
"551002","Actividades de moteles",,
"551003","Actividades de residenciales para turistas",,
"559001","Actividades de residenciales para estudiantes y trabajadores",,
"551009","Otras actividades de alojamiento para turistas n.c.p.",,
"552000","Actividades de camping y de parques para casas rodantes",,
"559009","Otras actividades de alojamiento n.c.p.",,
"562100","Suministro de comidas por encargo (Servicios de banquetería)",,
"562900","Suministro industrial de comidas por encargo; concesión de servicios de alimentación",,
"563009","Otras actividades de servicio de bebidas n.c.p.",,
"491100","Transporte interurbano de pasajeros por ferrocarril",,
"491200","Transporte de carga por ferrocarril",,
"492110","Transporte urbano y suburbano de pasajeros vía metro y metrotren",,
"492120","Transporte urbano y suburbano de pasajeros vía locomoción colectiva",,
"492250","Transporte de pasajeros en buses interurbanos",,
"492130","Transporte de pasajeros vía taxi colectivo",,
"492210","Servicios de transporte de escolares",,
"492220","Servicios de transporte de trabajadores",,
"492190","Otras actividades de transporte urbano y suburbano de pasajeros por vía terrestre n.c.p.",,
"492230","Servicios de transporte de pasajeros en taxis libres y radiotaxis",,
"492240","Servicios de transporte a turistas",,
"492300","Transporte de carga por carretera",,
"493010","Transporte por oleoductos",,
"493020","Transporte por gasoductos",,
"493090","Otras actividades de transporte por tuberías n.c.p.",,
"501100","Transporte de pasajeros marítimo y de cabotaje",,
"501200","Transporte de carga marítimo y de cabotaje",,
"502100","Transporte de pasajeros por vías de navegación interiores",,
"502200","Transporte de carga por vías de navegación interiores",,
"511000","Transporte de pasajeros por vía aérea",,
"512000","Transporte de carga por vía aérea",,
"522400","Manipulación de la carga",,
"521009","Otros servicios de almacenamiento y depósito n.c.p.",,
"522110","Explotación de terminales terrestres de pasajeros",,
"522120","Explotación de estacionamientos de vehículos automotores y parquímetros",,
"522130","Servicios prestados por concesionarios de carreteras",,
"331509","Reparación de otros equipos de transporte n.c.p., excepto vehículos automotores",,
"522190","Actividades de servicios vinculadas al transporte terrestre n.c.p.",,
"522200","Actividades de servicios vinculadas al transporte acuático",,
"522300","Actividades de servicios vinculadas al transporte aéreo",,
"791100","Actividades de agencias de viajes",,
"791200","Actividades de operadores turísticos",,
"522910","Agencias de aduanas",,
"522920","Agencias de naves",,
"522990","Otras actividades de apoyo al transporte n.c.p.",,
"531000","Actividades postales",,
"532000","Actividades de mensajería",,
"611010","Telefonía fija",,
"612010","Telefonía móvil celular",,
"613010","Telefonía móvil satelital",,
"611020","Telefonía larga distancia",,
"611030","Televisión de pago por cable",,
"612030","Televisión de pago inalámbrica",,
"613020","Televisión de pago satelital",,
"619010","Centros de llamados y centros de acceso a Internet",,
"611090","Otros servicios de telecomunicaciones alámbricas n.c.p.",,
"612020","Radiocomunicaciones móviles",,
"612090","Otros servicios de telecomunicaciones inalámbricas n.c.p.",,
"613090","Otros servicios de telecomunicaciones por satélite n.c.p.",,
"619090","Otras actividades de telecomunicaciones n.c.p.",,
"641100","Banca central",,
"641910","Actividades bancarias",,
"649201","Financieras",,
"649100","Leasing financiero",,
"649202","Actividades de crédito prendario",,
"649900","Otras actividades de servicios financieros, excepto las de seguros y fondos de pensiones n.c.p.",,
"661201","Actividades de securitizadoras",,
"649209","Otras actividades de concesión de crédito n.c.p.",,
"663091","Administradoras de fondos de inversión",,
"663092","Administradoras de fondos mutuos",,
"663093","Administradoras de fices (fondos de inversión de capital extranjero)",,
"663094","Administradoras de fondos para la vivienda",,
"663099","Administradoras de fondos para otros fines n.c.p.",,
"642000","Actividades de sociedades de cartera",,
"643000","Fondos y sociedades de inversión y entidades financieras similares",,
"774000","Arrendamiento de propiedad intelectual y similares, excepto obras protegidas por derechos de autor",,
"653000","Fondos de pensiones",,
"663010","Administradoras de Fondos de Pensiones (AFP)",,
"651100","Seguros de vida",,
"651210","Seguros generales, excepto actividades de Isapres",,
"652000","Reaseguros",,
"651220","Actividades de Isapres",,
"661100","Administración de mercados financieros",,
"661202","Corredores de bolsa",,
"661203","Agentes de valores",,
"661209","Otros servicios de corretaje de valores y commodities n.c.p.",,
"661901","Actividades de cámaras de compensación",,
"661902","Administración de tarjetas de crédito",,
"661903","Empresas de asesoría y consultoría en inversión financiera; sociedades de apoyo al giro",,
"661904","Actividades de clasificadoras de riesgo",,
"661204","Actividades de casas de cambio y operadores de divisa",,
"641990","Otros tipos de intermediación monetaria n.c.p.",,
"661909","Otras actividades auxiliares de las actividades de servicios financieros n.c.p.",,
"662200","Actividades de agentes y corredores de seguros",,
"662100","Evaluación de riesgos y daños (incluye actividades de liquidadores de seguros)",,
"662900","Otras actividades auxiliares de las actividades de seguros y fondos de pensiones",,
"429000","Construcción de otras obras de ingeniería civil",,
"681020","Servicios imputados de alquiler de viviendas",,
"811000","Actividades combinadas de apoyo a instalaciones",,
"771000","Alquiler de vehículos automotores sin chofer",,
"949909","Actividades de otras asociaciones n.c.p.",,
"773001","Alquiler de equipos de transporte sin operario, excepto vehículos automotores",,
"773002","Alquiler de maquinaria y equipo agropecuario, forestal, de construcción e ing. civil, sin operarios",,
"773003","Alquiler de maquinaria y equipo de oficina, sin operarios (sin servicio administrativo)",,
"772200","Alquiler de cintas de video y discos",,
"772100","Alquiler y arrendamiento de equipo recreativo y deportivo",,
"772900","Alquiler de otros efectos personales y enseres domésticos (incluye mobiliario para eventos)",,
"773009","Alquiler de otros tipos de maquinarias y equipos sin operario n.c.p.",,
"620100","Actividades de programación informática",,
"581200","Edición de directorios y listas de correo",,
"581300","Edición de diarios, revistas y otras publicaciones periódicas",,
"581900","Otras actividades de edición",,
"582000","Edición de programas informáticos",,
"631100","Procesamiento de datos, hospedaje y actividades conexas",,
"631200","Portales web",,
"331209","Reparación de otro tipo de maquinaria y equipos industriales n.c.p.",,
"951100","Reparación de computadores y equipo periférico",,
"620200","Actividades de consultoría de informática y de gestión de instalaciones informáticas",,
"620900","Otras actividades de tecnología de la información y de servicios informáticos",,
"721000","Investigaciones y desarrollo experimental en el campo de las ciencias naturales y la ingeniería",,
"722000","Investigaciones y desarrollo experimental en el campo de las ciencias sociales y las humanidades",,
"691001","Servicios de asesoramiento y representación jurídica",,
"691002","Servicio notarial",,
"691003","Conservador de bienes raíces",,
"691004","Receptores judiciales",,
"691009","Servicios de arbitraje; síndicos de quiebra y peritos judiciales; otras actividades jurídicas n.c.p.",,
"692000","Actividades de contabilidad, teneduría de libros y auditoría; consultoría fiscal",,
"732000","Estudios de mercado y encuestas de opinión pública",,
"701000","Actividades de oficinas principales",,
"702000","Actividades de consultoría de gestión",,
"711001","Servicios de arquitectura (diseño de edificios, dibujo de planos de construcción, entre otros)",,
"91001","Actividades de apoyo para la extracción de petróleo y gas natural prestados por empresas",,
"99001","Actividades de apoyo para la explotación de otras minas y canteras prestados por empresas",,
"91002","Actividades de apoyo para la extracción de petróleo y gas natural prestados por profesionales",,
"99002","Actividades de apoyo para la explotación de otras minas y canteras prestados por profesionales",,
"711002","Empresas de servicios de ingeniería y actividades conexas de consultoría técnica",,
"711003","Servicios profesionales de ingeniería y actividades conexas de consultoría técnica",,
"749009","Otras actividades profesionales, científicas y técnicas n.c.p.",,
"712001","Actividades de plantas de revisión técnica para vehículos automotores",,
"731002","Servicios de publicidad prestados por profesionales",,
"782000","Actividades de agencias de empleo temporal (incluye empresas de servicios transitorios)",,
"783000","Otras actividades de dotación de recursos humanos",,
"803000","Actividades de investigación (incluye actividades de investigadores y detectives privados)",,
"801001","Servicios de seguridad privada prestados por empresas",,
"802000","Actividades de servicios de sistemas de seguridad (incluye servicios de cerrajería)",,
"801002","Servicio de transporte de valores en vehículos blindados",,
"801003","Servicios de seguridad privada prestados por independientes",,
"812100","Limpieza general de edificios",,
"812901","Desratización, desinfección y exterminio de plagas no agrícolas",,
"742001","Servicios de revelado, impresión y ampliación de fotografías",,
"742003","Servicios personales de fotografía",,
"829200","Actividades de envasado y empaquetado",,
"829110","Actividades de agencias de cobro",,
"829120","Actividades de agencias de calificación crediticia",,
"749001","Asesoría y gestión en la compra o venta de pequeñas y medianas empresas",,
"741002","Actividades de diseño y decoración de interiores",,
"741009","Otras actividades especializadas de diseño n.c.p.",,
"821100","Actividades combinadas de servicios administrativos de oficina",,
"749003","Servicios personales de traducción e interpretación",,
"749002","Servicios de traducción e interpretación prestados por empresas",,
"821900","Fotocopiado, preparación de documentos y otras actividades especializadas de apoyo de oficina",,
"749004","Actividades de agencias y agentes de representación de actores, deportistas y otras figuras públicas",,
"823000","Organización de convenciones y exposiciones comerciales",,
"822000","Actividades de call-center",,
"639900","Otras actividades de servicios de información n.c.p.",,
"731001","Servicios de publicidad prestados por empresas",,
"829900","Otras actividades de servicios de apoyo a las empresas n.c.p.",,
"681011","Alquiler de bienes inmuebles amoblados o con equipos y maquinarias",,
"681012","Compra, venta y alquiler (excepto amoblados) de inmuebles",,
"682000","Actividades inmobiliarias realizadas a cambio de una retribución o por contrata",,
"841200","Regulación de las actividades de organismos que prestan servicios sanitarios, educativos, culturales",,
"841300","Regulación y facilitación de la actividad económica",,
"841100","Actividades de la administración pública en general",,
"842100","Relaciones exteriores",,
"842200","Actividades de defensa",,
"712009","Otros servicios de ensayos y análisis técnicos (excepto actividades de plantas de revisión técnica)",,
"842300","Actividades de mantenimiento del orden público y de seguridad",,
"843010","Fondo Nacional de Salud (FONASA)",,
"843020","Instituto de Previsión Social (IPS)",,
"649203","Cajas de compensación",,
"843090","Otros planes de seguridad social de afiliación obligatoria n.c.p.",,
"850011","Enseñanza preescolar pública",,
"850021","Enseñanza preescolar privada",,
"853110","Enseñanza superior en universidades públicas",,
"853120","Enseñanza superior en universidades privadas",,
"853201","Enseñanza superior en institutos profesionales",,
"853202","Enseñanza superior en centros de formación técnica",,
"850012","Enseñanza primaria, secundaria científico humanista y técnico profesional pública",,
"850022","Enseñanza primaria, secundaria científico humanista y técnico profesional privada",,
"854901","Enseñanza preuniversitaria",,
"854909","Otros tipos de enseñanza n.c.p.",,
"854902","Servicios personales de educación",,
"861010","Actividades de hospitales y clínicas públicas",,
"861020","Actividades de hospitales y clínicas privadas",,
"862031","Servicios de médicos prestados de forma independiente",,
"862010","Actividades de centros de salud municipalizados (servicios de salud pública)",,
"862021","Centros médicos privados (establecimientos de atención ambulatoria)",,
"862032","Servicios de odontólogos prestados de forma independiente",,
"862022","Centros de atención odontológica privados (establecimientos de atención ambulatoria)",,
"869010","Actividades de laboratorios clínicos y bancos de sangre",,
"869092","Servicios prestados de forma independiente por otros profesionales de la salud",,
"869091","Otros servicios de atención de la salud humana prestados por empresas",,
"871000","Actividades de atención de enfermería en instituciones",,
"750001","Actividades de clínicas veterinarias",,
"750002","Actividades de veterinarios, técnicos y otro personal auxiliar, prestados de forma independiente",,
"872000","Actividades de atención en instituciones para personas con discapacidad mental y toxicómanos",,
"873000","Actividades de atención en instituciones para personas de edad y personas con discapacidad física",,
"879000","Otras actividades de atención en instituciones",,
"561000","Actividades de restaurantes y de servicio móvil de comidas",,
"855000","Actividades de apoyo a la enseñanza",,
"881000","Actividades de asistencia social sin alojamiento para personas de edad y personas con discapacidad",,
"812909","Otras actividades de limpieza de edificios e instalaciones industriales n.c.p.",,
"813000","Actividades de paisajismo, servicios de jardinería y servicios conexos",,
"381100","Recogida de desechos no peligrosos",,
"381200","Recogida de desechos peligrosos",,
"382100","Tratamiento y eliminación de desechos no peligrosos",,
"382200","Tratamiento y eliminación de desechos peligrosos",,
"370000","Evacuación y tratamiento de aguas servidas",,
"390000","Actividades de descontaminación y otros servicios de gestión de desechos",,
"941100","Actividades de asociaciones empresariales y de empleadores",,
"941200","Actividades de asociaciones profesionales",,
"942000","Actividades de sindicatos",,
"949100","Actividades de organizaciones religiosas",,
"949200","Actividades de organizaciones políticas",,
"889000","Otras actividades de asistencia social sin alojamiento",,
"949901","Actividades de centros de madres",,
"949902","Actividades de clubes sociales",,
"949903","Fundaciones y corporaciones; asociaciones que promueven actividades culturales o recreativas",,
"591300","Actividades de distribución de películas cinematográficas, videos y programas de televisión",,
"591400","Actividades de exhibición de películas cinematográficas y cintas de video",,
"591100","Actividades de producción de películas cinematográficas, videos y programas de televisión",,
"602000","Programación y transmisiones de televisión",,
"601000","Transmisiones de radio",,
"900002","Actividades artísticas realizadas por bandas de música, compañías de teatro, circenses y similares",,
"900003","Actividades de artistas realizadas de forma independiente: actores, músicos, escritores, entre otros",,
"900009","Otras actividades creativas, artísticas y de entretenimiento n.c.p.",,
"854200","Enseñanza cultural",,
"563001","Actividades de discotecas y cabaret (night club), con predominio del servicio de bebidas",,
"932100","Actividades de parques de atracciones y parques temáticos",,
"900001","Servicios de producción de obras de teatro, conciertos, espectáculos de danza, otras prod. Escénicas",,
"639100","Actividades de agencias de noticias",,
"742002","Servicios y actividades de fotografía",,
"900004","Servicios prestados por periodistas independientes",,
"591200","Actividades de postproducción de películas cinematográficas, videos y programas de televisión",,
"910100","Actividades de bibliotecas y archivos",,
"910200","Actividades de museos, gestión de lugares y edificios históricos",,
"910300","Actividades de jardines botánicos, zoológicos y reservas naturales",,
"492290","Otras actividades de transporte de pasajeros por vía terrestre n.c.p.",,
"931109","Gestión de otras instalaciones deportivas n.c.p.",,
"931209","Actividades de otros clubes deportivos n.c.p.",,
"931201","Actividades de clubes de fútbol amateur y profesional",,
"931101","Hipódromos",,
"931901","Promoción y organización de competencias deportivas",,
"854100","Enseñanza deportiva y recreativa",,
"799000","Otros servicios de reservas y actividades conexas (incluye venta de entradas para teatro, y otros)",,
"920090","Otras actividades de juegos de azar y apuestas n.c.p.",,
"920010","Actividades de casinos de juegos",,
"931102","Gestión de salas de billar; gestión de salas de bolos (bowling)",,
"932901","Gestión de salas de pool; gestión (explotación) de juegos electrónicos",,
"781000","Actividades de agencias de empleo",,
"592000","Actividades de grabación de sonido y edición de música",,
"931909","Otras actividades deportivas n.c.p.",,
"932909","Otras actividades de esparcimiento y recreativas n.c.p.",,
"960100","Lavado y limpieza, incluida la limpieza en seco, de productos textiles y de piel",,
"960200","Peluquería y otros tratamientos de belleza",,
"960310","Servicios funerarios",,
"960320","Servicios de cementerios",,
"960902","Actividades de salones de masajes, baños turcos, saunas, servicio de baños públicos",,
"960909","Otras actividades de servicios personales n.c.p.",,
"970000","Actividades de los hogares como empleadores de personal doméstico",,
"949904","Consejo de administración de edificios y condominios",,
"990000","Actividades de organizaciones y órganos extraterritoriales",,
